,link,text,user,date,likes,quotes,retweets,comments
0,https://twitter.com/aimim_national/status/1767523795814985760#m,à¤•à¥‡à¤‚à¤¦à¥à¤° à¤•à¥€ @BJP4India à¤¸à¤°à¤•à¤¾à¤° à¤¦à¥à¤µà¤¾à¤°à¤¾ à¤²à¤¾à¤—à¥‚ CAA Rules à¤•à¥‡ à¤¤à¤¾à¤²à¥à¤²à¥à¤•à¤¼ à¤¸à¥‡ AIMIM à¤…à¤§à¥à¤¯à¤•à¥à¤· à¤¬à¥ˆà¤°à¤¿à¤¸à¥à¤Ÿà¤° @asadowaisi à¤•à¥€ à¤ªà¥à¤°à¥‡à¤¸ à¤•à¤¾à¤‚à¤«à¥à¤°à¥‡à¤‚à¤¸   #AIMIM #AsaduddinOwaisi #CAA #NPR #NRC #PressConference #Muslims #Dalits #Tribals #CitizenshipAmendmentBill #India #Bharat,AIMIM,"Mar 12, 2024 Â· 12:11 PM UTC",727,4,228,30
1,https://twitter.com/aimim_national/status/1775788118576427486#m,"Ye waqt ittehad paida karne ka hai. Aap sab apni party ke liye kaam kariye, Humko Majlis ko kamyab karna hain - Barrister @asadowaisi #AIMIM #AsaduddinOwaisi #LokSabhaElection2024 #voteforkite #Hyderabad #Telangana #India",AIMIM,"Apr 4, 2024 Â· 7:30 AM UTC",196,0,43,2
2,https://twitter.com/aimim_national/status/1775565504645861503#m,"Barrister @asadowaisi ne Bahadurpura MLA @MohdMubeen58, Syed Mushtaq Ahmed (P.A Barrister Asaduddin Owaisi) aur AIMIM Corporators ke saath Dawat-e-Iftar mein shirkat ki.  #AIMIM #AsaduddinOwaisi #Mohammedmubeen #Syedmushtaqahmed #AIMIMCorporators #Dawateiftaar #Bahadurpura #Hyderabad #Telangana",AIMIM,"Apr 3, 2024 Â· 4:46 PM UTC",223,1,30,0
3,https://twitter.com/AIMIM_Bihar1/status/1775553311594176929#m,à¤•à¤¿à¤¶à¤¨à¤—à¤‚à¤œ à¤²à¥‹à¤•à¤¸à¤­à¤¾ à¤¨à¤¿à¤°à¥à¤µà¤¾à¤šà¤¨ à¤•à¥à¤·à¥‡à¤¤à¥à¤° à¤¸à¥‡ AIMIM à¤ªà¥à¤°à¤¤à¥à¤¯à¤¾à¤¶à¥€ @Akhtaruliman5 à¤¨à¥‡ à¤šà¥à¤¨à¤¾à¤µà¥€ à¤œà¤¨à¤¸à¤‚à¤ªà¤°à¥à¤• à¤•à¥‡ à¤¦à¥Œà¤°à¤¾à¤¨ à¤ªà¥‹à¤ à¤¿à¤¯à¤¾ à¤¤à¥ˆà¤¯à¤¬à¤ªà¥à¤° à¤®à¥‡à¤‚ à¤²à¥‹à¤—à¥‹à¤‚ à¤¸à¥‡ à¤®à¥à¤²à¤¾à¤•à¤¼à¤¾à¤¤ à¤•à¥€ à¤œà¤¹à¤¾à¤‚ à¤¬à¤¡à¤¼à¥€ à¤¸à¤‚à¤–à¥à¤¯à¤¾ à¤®à¥‡ à¤²à¥‹à¤—à¥‹à¤‚ à¤¨à¥‡ AIMIM à¤•à¥‹ à¤•à¤¾à¤®à¤¯à¤¾à¤¬ à¤•à¤°à¤¨à¥‡ à¤•à¤¾ à¤¸à¤‚à¤•à¤²à¥à¤ª à¤²à¤¿à¤¯à¤¾à¥¤   #AIMIM #AkhtarulIman #kishanganjbihar #LokSabhaElection2024 #VoteForMIM,AIMIM Bihar Official,"Apr 3, 2024 Â· 3:57 PM UTC",76,0,18,0
4,https://twitter.com/aimim_national/status/1775545107015766431#m,,AIMIM,"Apr 3, 2024 Â· 3:25 PM UTC",7,0,1,0
5,https://twitter.com/aimim_national/status/1775545102968193239#m,"Sadr-e-Majlis Barrister @asadowaisi ne Bahadurpura MLA @MohdMubeen58, Syed Mushtaq Ahmed (P.A Barrister Asaduddin Owaisi) aur AIMIM Corporators ke saath Bahadurpura mein munazzam Dawat-e-Iftar mein shirkat ki.    #AIMIM #AsaduddinOwaisi #Mohammedmubeen #MLA #Syedmushtaqahmed #AIMIMCorporators #Dawateiftaar #Bahadurpura #Hyderabad #Telangana",AIMIM,"Apr 3, 2024 Â· 3:25 PM UTC",137,0,32,2
6,https://twitter.com/MainMediaHun/status/1775443474088685711#m,à¤•à¤¿à¤¶à¤¨à¤—à¤‚à¤œ à¤¸à¥‡ à¤¨à¤¾à¤®à¤¾à¤‚à¤•à¤¨ à¤•à¥‡ à¤¬à¤¾à¤¦ à¤•à¥à¤¯à¤¾ à¤¬à¥‹à¤²à¥‡ @aimim_national à¤•à¥‡ à¤…à¤–à¥à¤¤à¤°à¥à¤² à¤ˆà¤®à¤¾à¤¨ [@Akhtaruliman5]?  #AIMIM #AkhtarulIman #KishanganjLokSabha #LokSabhaElections2024,Main Media / à¤®à¥ˆà¤‚ à¤®à¥€à¤¡à¤¿à¤¯à¤¾,"Apr 3, 2024 Â· 8:41 AM UTC",405,0,80,6
7,https://twitter.com/Md_MajidHussain/status/1775502596486336795#m,"#à¤•à¤¿à¤¶à¤¨à¤—à¤‚à¤œ à¤²à¥‹à¤•à¤¸à¤­à¤¾ à¤¸à¥€à¤Ÿ à¤¸à¥‡ #AIMIM à¤ªà¥à¤°à¤¤à¥à¤¯à¤¾à¤¶à¥€ @Akhtaruliman5 à¤¨à¥‡ à¤¨à¤¾à¤®à¤¾à¤‚à¤•à¤¨ à¤ªà¤°à¥à¤šà¤¾ à¤¦à¤¾à¤–à¤¿à¤² à¤•à¤¿à¤¯à¤¾à¥¤ à¤‡à¤¸ à¤®à¥Œà¤•à¤¼à¥‡ à¤ªà¤° à¤®à¥ˆà¤‚ à¤”à¤° à¤®à¥‡à¤°à¥‡ à¤¸à¤¾à¤¥ à¤®à¥‡à¤‚ AIMIM à¤¬à¤¿à¤¹à¤¾à¤° à¤¯à¥‚à¤¥ à¤ªà¥à¤°à¥‡à¤œà¤¿à¤¡à¥‡à¤‚à¤Ÿ @AadilHasanAdv1, AIMIM à¤œà¤¨à¤°à¤² à¤¸à¥‡à¤•à¥à¤°à¥‡à¤Ÿà¤°à¥€ à¤‡à¤‚à¤œà¥€à¤¨à¤¿à¤¯à¤° à¤†à¤«à¤¤à¤¾à¤¬, à¤œà¤¨à¤¾à¤¬ à¤¨à¥à¤°à¥à¤² à¤‡à¤¸à¥à¤²à¤¾à¤®, à¤œà¤¨à¤¾à¤¬ à¤®à¥à¤œà¤«à¥à¤«à¤° à¤¹à¥à¤¸à¥ˆà¤¨ à¤”à¤° à¤®à¤œà¤²à¤¿à¤¸ à¤•à¥‡ à¤…à¤¨à¥à¤¯ à¤•à¤¾à¤°à¥à¤¯à¤•à¤°à¥à¤¤à¤¾ à¤®à¥Œà¤œà¥‚à¤¦ à¤¥à¥‡à¥¤",Majid Hussain,"Apr 3, 2024 Â· 12:36 PM UTC",475,0,85,8
8,https://twitter.com/AIMIM_Bihar1/status/1769740628924244412#m,"à¤”à¤°à¤‚à¤—à¤¾à¤¬à¤¾à¤¦ à¤¸à¥‡ @imtiaz_jaleel, à¤•à¤¿à¤¶à¤¨à¤—à¤‚à¤œ à¤¸à¥‡ @Akhtaruliman5 à¤šà¥à¤¨à¤¾à¤µ à¤²à¤¡à¤¼à¥‡à¤‚à¤—à¥‡ à¤”à¤° à¤¹à¥ˆà¤¦à¤°à¤¾à¤¬à¤¾à¤¦ à¤¸à¥‡ à¤‡à¤‚à¤¶à¤¾à¤…à¤²à¥à¤²à¤¾à¤¹ à¤ªà¤¾à¤°à¥à¤Ÿà¥€ à¤®à¥à¤à¥‡ à¤Ÿà¤¿à¤•à¤Ÿ à¤¦à¥‡à¤—à¥€ - Barrister @asadowaisi #AIMIM #AsaduddinOwaisi #LokSabhaElection2024 #ImtiazJaleel #AkhtarulIman #VoteForKite",AIMIM Bihar Official,"Mar 18, 2024 Â· 3:00 PM UTC",129,0,23,2
9,https://twitter.com/Akhtaruliman5/status/1772236238462030028#m,Ø³Ø¨ Ù†Û’ Ø¯ÛŒØ§ ÛÛ’ ÛÙ…Ú©Ùˆ Ú†ÙˆÙ¹ ØŒ  Ø§Ø¨ Ø§Ù¾Ù†ÛŒ Ù¾Ø§Ø±Ù¹ÛŒ Ø§Ù¾Ù†Ø§ ÙˆÙˆÙ¹  à¤¸à¤¬à¤¨à¥‡ à¤¦à¤¿à¤¯à¤¾ à¤¹à¥ˆ à¤¹à¤®à¤•à¥‹ à¤šà¥‹à¤Ÿ à¤…à¤¬ à¤…à¤ªà¤¨à¥€ à¤ªà¤¾à¤°à¥à¤Ÿà¥€ à¤…à¤ªà¤¨à¤¾ à¤µà¥‹à¤Ÿà¥¤  #aimim #akhtaruliman #asadduddinowaisi #akbaruddinowaisi #seemanchal #loksabha #india,Akhtarul Iman,"Mar 25, 2024 Â· 12:17 PM UTC",917,1,175,9
10,https://twitter.com/AIMIM_Bihar1/status/1775124729088623041#m,"à¤¸à¤¡à¤¼à¤• à¤•à¥‡ à¤¸à¤¾à¤¥ à¤¸à¤¾à¤¥ à¤ªà¥à¤² à¤­à¥€ à¤®à¤¿à¤²à¥‡à¤—à¤¾  , à¤…à¤¸à¥à¤ªà¤¤à¤¾à¤² à¤•à¥‡ à¤¸à¤¾à¤¥ à¤¸à¤¾à¤¥ à¤¸à¥à¤•à¥‚à¤² à¤­à¥€ à¤®à¤¿à¤²à¥‡à¤—à¤¾  ,  à¤ªà¤¤à¤‚à¤— à¤•à¥‹ à¤µà¥‹à¤Ÿ à¤¦à¥€à¤œà¤¿à¤¯à¥‡  , Vote For Kite  #AIMIM #akhtaruliman #Biharelection2024 #VoteForKite #VoteForMIM #votefordevelpment #kishanganjbihar #VoteForMajlis #Bihar #india",AIMIM Bihar Official,"Apr 2, 2024 Â· 11:34 AM UTC",69,0,17,2
11,https://twitter.com/AIMIM_Bihar1/status/1775502956198064408#m,"AIMIM, à¤—à¤¼à¤°à¥€à¤¬à¥‹à¤‚ à¤”à¤° à¤®à¤œà¤²à¥‚à¤®à¥‹à¤‚ à¤•à¥€ à¤¸à¤¹à¤¾à¤°à¤¾ à¤¹à¥ˆ  à¤‡à¤¸à¤²à¤¿à¤ #Kishanganj à¤•à¥€ à¤œà¤¨à¤¤à¤¾ à¤¨à¥‡ @aimim_national à¤•à¥‹ à¤ªà¥à¤•à¤¾à¤°à¤¾ à¤¹à¥ˆ  à¤•à¤¿à¤¶à¤¨à¤—à¤‚à¤œ à¤•à¥€ à¤œà¤¨à¤¤à¤¾ à¤¸à¥‡ à¤…à¤ªà¥€à¤² à¤¹à¥ˆ à¤•à¤¿ 26 à¤…à¤ªà¥à¤°à¥ˆà¤² à¤•à¥‹ à¤ªà¤¤à¤‚à¤— à¤•à¥‡ à¤¨à¤¿à¤¶à¤¾à¤¨ à¤ªà¤° à¤¬à¤Ÿà¤¨ à¤¦à¤¬à¤¾à¤•à¤° à¤•à¤¿à¤¶à¤¨à¤—à¤‚à¤œ à¤²à¥‹à¤•à¤¸à¤­à¤¾ à¤¸à¥€à¤Ÿ à¤¸à¥‡ AIMIM à¤ªà¥à¤°à¤¤à¥à¤¯à¤¾à¤¶à¥€ @Akhtaruliman5 à¤•à¥‹ à¤­à¤¾à¤°à¥€ à¤®à¤¤à¥‹à¤‚ à¤¸à¥‡ à¤•à¤¾à¤®à¤¯à¤¾à¤¬ à¤•à¤°à¥‡ |   #AIMIM #AkhtarulIman #Bihar",AIMIM Bihar Official,"Apr 3, 2024 Â· 12:37 PM UTC",70,0,18,0
12,https://twitter.com/MuslimSpaces/status/1775177810413600806#m,â€œà¤®à¥à¤¸à¤²à¤®à¤¾à¤¨à¥‹à¤‚ à¤•à¥‹ à¤­à¤¾à¤°à¤¤ à¤•à¥€ à¤°à¤¾à¤œà¤¨à¥€à¤¤à¤¿ à¤®à¥‡à¤‚ à¤¸à¤­à¥€ à¤°à¤¾à¤œà¤¨à¥€à¤¤à¤¿à¤• à¤¦à¤²à¥‹à¤‚ à¤¨à¥‡ à¤°à¤¾à¤·à¥à¤Ÿà¥à¤°à¥€à¤¯ à¤¸à¥à¤¤à¤° à¤”à¤° à¤–à¤¾à¤¸ à¤¤à¥Œà¤° à¤ªà¤° à¤‰à¤¤à¥à¤¤à¤° à¤ªà¥à¤°à¤¦à¥‡à¤¶ à¤®à¥‡à¤‚ à¤…à¤¦à¥ƒà¤¶à¥à¤¯ à¤•à¤° à¤¦à¤¿à¤¯à¤¾ à¤¹à¥ˆâ€: @asadowaisi #LokasabhaElection2024 #AsaduddinOwaisi #AIMIM #IndianMuslim #Majlis #IndianMuslims,Muslim Spaces,"Apr 2, 2024 Â· 3:05 PM UTC",758,2,316,1
13,https://twitter.com/YouthSartajAlam/status/1775413270234730508#m,à¤•à¤¿à¤¶à¤¨à¤—à¤‚à¤œ à¤¸à¤‚à¤¸à¤¦à¥€à¤¯ à¤¸à¥€à¤Ÿ à¤¸à¥‡ AIMIM à¤•à¥‡ à¤¸à¤¿à¤‚à¤¬à¤² à¤ªà¤° à¤…à¤–à¥à¤¤à¤° à¤‰à¤² à¤ˆà¤®à¤¾à¤¨ à¤¨à¥‡ à¤¨à¤¾à¤®à¤¾à¤‚à¤•à¤¨ à¤ªà¤°à¥à¤šà¤¾ à¤¦à¤¾à¤–à¤¿à¤² à¤•à¤¿à¤¯à¤¾ @aimim_national @AkhtarulImanMLA #Bihar #LokasabhaElection2024,Sartaj Alam Champarni Ø³Ø±ØªØ§Ø¬,"Apr 3, 2024 Â· 6:41 AM UTC",1321,2,174,10
14,https://twitter.com/aimim_national/status/1775486344610885999#m,Mera qadam qadam pe madad-gaar hai khuda  #AIMIM #AsaduddinOwaisi #Ramzanekareem #Hyderabad #Telangana #India,AIMIM,"Apr 3, 2024 Â· 11:31 AM UTC",1080,0,158,5
15,https://twitter.com/naseerCorpGhmc/status/1775448977363911031#m,"à¤•à¤¿à¤¶à¤¨à¤—à¤‚à¤œ à¤²à¥‹à¤•à¤¸à¤­à¤¾ à¤¸à¥€à¤Ÿ à¤¸à¥‡ AIMIM à¤ªà¥à¤°à¤¤à¥à¤¯à¤¾à¤¶à¥€ @Akhtaruliman5 à¤¨à¥‡ à¤¨à¤¾à¤®à¤¾à¤‚à¤•à¤¨ à¤ªà¤°à¥à¤šà¤¾ à¤¦à¤¾à¤–à¤¿à¤² à¤•à¤¿à¤¯à¤¾à¥¤ à¤‡à¤¸ à¤®à¥Œà¤•à¤¼à¥‡ à¤ªà¤° AIMIM à¤¬à¤¿à¤¹à¤¾à¤° à¤ªà¥à¤°à¤­à¤¾à¤°à¥€ @Md_MajidHussain & @AIMIM4Bihar1 à¤¯à¥‚à¤¥ à¤ªà¥à¤°à¥‡à¤œà¤¿à¤¡à¥‡à¤‚à¤Ÿ @AadilHasanAdv1, à¤œà¤¨à¤¾à¤¬ à¤¨à¥à¤°à¥à¤² à¤¹à¤•à¤¼ ,à¤œà¤¨à¤¾à¤¬ à¤®à¥à¤œà¤«à¥à¤«à¤° à¤¹à¥à¤¸à¥ˆà¤¨ à¤¸à¤¾à¤¹à¤¬ à¤”à¤° à¤®à¤œà¤²à¤¿à¤¸ à¤•à¥‡ à¤…à¤¨à¥à¤¯ à¤•à¤¾à¤°à¥à¤¯à¤•à¤°à¥à¤¤à¤¾ à¤®à¥Œà¤œà¥‚à¤¦ à¤¥à¥‡à¥¤ à¤•à¤¿à¤¶à¤¨à¤—à¤‚à¤œ à¤•à¥€ à¤œà¤¨à¤¤à¤¾ à¤¸à¥‡ à¤…à¤ªà¥€à¤² à¤¹à¥ˆ à¤•à¤¿ à¤†à¤ªà¤²à¥‹à¤— AIMIM à¤•à¥‹ à¤•à¤¾à¤®à¤¯à¤¾à¤¬ à¤•à¥€à¤œà¤¿à¤¯à¥‡ à¤¤à¤¾à¤•à¤¿ @AkhtarulImanMLA à¤¸à¤¾à¤¹à¤¬ à¤¸à¤‚à¤¸à¤¦ à¤®à¥‡à¤‚ à¤¸à¥€à¤®à¤¾à¤‚à¤šà¤² à¤•à¥‡ à¤²à¤¿à¤ à¤à¤• à¤®à¤œà¤¼à¤¬à¥‚à¤¤ à¤†à¤µà¤¾à¤œà¤¼ à¤¬à¤¨ à¤¸à¤•à¥‡à¥¤ 26 à¤…à¤ªà¥à¤°à¥ˆà¤² à¤•à¥‹ à¤ªà¤¤à¤‚à¤— à¤•à¥‡ à¤¨à¤¿à¤¶à¤¾à¤¨ à¤ªà¤° à¤¬à¤Ÿà¤¨ à¤¦à¤¬à¤¾à¤•à¤° à¤…à¤–à¤¼à¥à¤¤à¤°à¥à¤² à¤ˆà¤®à¤¾à¤¨ à¤¸à¤¾à¤¹à¤¬ à¤•à¥‹ à¤•à¤¾à¤®à¤¯à¤¾à¤¬ à¤•à¥€à¤œà¤¿à¤!!",Mohammed Naseeruddin,"Apr 3, 2024 Â· 9:03 AM UTC",2024,2,383,15
16,https://twitter.com/4tvhyd/status/1775061082933223902#m,You are next Fringe Elements warn Asaduddin Owaisi. #NewsUpdate #4tvnews #AIMIM @asadowaisi,4tv News Channel,"Apr 2, 2024 Â· 7:21 AM UTC",102,0,40,0
17,https://twitter.com/MohdRashedFaraz/status/1775219140686762144#m,"7 Tombs Ke Pass Mein Ghulam Mohammed Sahab Ke Hadse Ne Hum Sab Ko Sadma Diya Hai Aur @aimim_national Ghulam Mohammed sahab Ko Taaziyat Pesh karti Hai.  Karwan MLA @kausarmohiuddin Sahab Aur AIMIM Jubilee Hills Contested MLA & Shaikpet Corporator ðŒð¨ð¡ðšð¦ð¦ðžð ð‘ðšð¬ð¡ðžð ð…ðšð«ðšð³ð®ððð¢ð§ Ne Unka Ilaaj Karwaya, Lekin Unki Jaan Nahi Bach Saki. Majlis Is Hadse Ki Mazamat Karti Hai Aur Zimmedar logon Ke khilaf Sakht Action ki Demand Karti Hai.  @asadowaisi @akbarowaisii #7tombs #OurWorkIsOurIdentity #RoadAccident #Hyderabad #Telangana #india",Mohammed Rashed Farazuddin,"Apr 2, 2024 Â· 5:49 PM UTC",129,0,30,1
18,https://twitter.com/AadilHasanAdv1/status/1775432928824090655#m,#Alhamdulillah nomination of @AkhtarulImanMLA sb submitted before @DM_Kishanganj Returning Officer with @Md_MajidHussain sb & others. Support the leadership of Br @asadowaisi sb . Vote & Support @Akhtaruliman5 sb AIMIM Kishanganj Lok Sabha candidate. #Kite ðŸª,Aadil Hasan Adv,"Apr 3, 2024 Â· 7:59 AM UTC",946,7,187,30
19,https://twitter.com/aimim_national/status/1775454737691013305#m,,AIMIM,"Apr 3, 2024 Â· 9:26 AM UTC",18,0,0,0
20,https://twitter.com/aimim_national/status/1775454733509230634#m,"Halqa-e-Paarlimaani Hyderabad ke Bogulkunta aur Niyaz Khana Kingkoti, Gosha Mahal Assembly Constituency ke naujwano'n ne kal apne Qauid-e-Mohtaram Sadr-e-Majlis Barrister @asadowaisi se Darussalam mein mulaqat ki  #AIMIM #AsaduddinOwaisi #Majlis #Darussalam #Hyderabad #Telangana #India",AIMIM,"Apr 3, 2024 Â· 9:26 AM UTC",275,0,53,4
21,https://twitter.com/aimim_national/status/1775450457831526726#m,"à¤•à¤¿à¤¶à¤¨à¤—à¤‚à¤œ à¤²à¥‹à¤•à¤¸à¤­à¤¾ à¤¸à¥€à¤Ÿ à¤¸à¥‡ AIMIM à¤ªà¥à¤°à¤¤à¥à¤¯à¤¾à¤¶à¥€ @Akhtaruliman5 à¤¨à¥‡ à¤¨à¤¾à¤®à¤¾à¤‚à¤•à¤¨ à¤ªà¤°à¥à¤šà¤¾ à¤¦à¤¾à¤–à¤¿à¤² à¤•à¤¿à¤¯à¤¾à¥¤ à¤‡à¤¸ à¤®à¥Œà¤•à¤¼à¥‡ à¤ªà¤° AIMIM à¤¬à¤¿à¤¹à¤¾à¤° à¤ªà¥à¤°à¤­à¤¾à¤°à¥€ @Md_MajidHussain, AIMIM à¤¬à¤¿à¤¹à¤¾à¤° à¤¯à¥‚à¤¥ à¤ªà¥à¤°à¥‡à¤œà¤¿à¤¡à¥‡à¤‚à¤Ÿ @AadilHasanAdv1, AIMIM à¤œà¤¨à¤°à¤² à¤¸à¥‡à¤•à¥à¤°à¥‡à¤Ÿà¤°à¥€ à¤‡à¤‚à¤œà¥€à¤¨à¤¿à¤¯à¤° à¤†à¤«à¤¤à¤¾à¤¬ à¤”à¤° à¤®à¤œà¤²à¤¿à¤¸ à¤•à¥‡ à¤…à¤¨à¥à¤¯ à¤•à¤¾à¤°à¥à¤¯à¤•à¤°à¥à¤¤à¤¾ à¤®à¥Œà¤œà¥‚à¤¦ à¤¥à¥‡à¥¤ à¤•à¤¿à¤¶à¤¨à¤—à¤‚à¤œ à¤•à¥€ à¤œà¤¨à¤¤à¤¾ à¤¸à¥‡ à¤…à¤ªà¥€à¤² à¤¹à¥ˆ à¤•à¤¿ à¤†à¤ªà¤²à¥‹à¤— AIMIM à¤•à¥‹ à¤•à¤¾à¤®à¤¯à¤¾à¤¬ à¤•à¥€à¤œà¤¿à¤¯à¥‡ à¤¤à¤¾à¤•à¤¿ à¤…à¤–à¤¼à¥à¤¤à¤°à¥à¤² à¤ˆà¤®à¤¾à¤¨ à¤¸à¤¾à¤¹à¤¬ à¤¸à¤‚à¤¸à¤¦ à¤®à¥‡à¤‚ à¤¸à¥€à¤®à¤¾à¤‚à¤šà¤² à¤•à¥‡ à¤²à¤¿à¤ à¤à¤• à¤®à¤œà¤¼à¤¬à¥‚à¤¤ à¤†à¤µà¤¾à¤œà¤¼ à¤¬à¤¨ à¤¸à¤•à¥‡à¥¤  26 à¤…à¤ªà¥à¤°à¥ˆà¤² à¤•à¥‹ à¤ªà¤¤à¤‚à¤— à¤•à¥‡ à¤¨à¤¿à¤¶à¤¾à¤¨ à¤ªà¤° à¤¬à¤Ÿà¤¨ à¤¦à¤¬à¤¾à¤•à¤° à¤…à¤–à¤¼à¥à¤¤à¤°à¥à¤² à¤ˆà¤®à¤¾à¤¨ à¤¸à¤¾à¤¹à¤¬ à¤•à¥‹ à¤•à¤¾à¤®à¤¯à¤¾à¤¬ à¤•à¥€à¤œà¤¿à¤¯à¥‡  #AIMIM #akhtaruliman #Kishanganj #LokSabhaElection2024 #Seemanchal #election2024 #voteforkite #Bihar #India",AIMIM,"Apr 3, 2024 Â· 9:09 AM UTC",1392,1,319,14
22,https://twitter.com/aimim_national/status/1775217500499972212#m,"Karwan ke 7 tombs ke pass mein Ghulam Mohammed sahab ke hadse ne hum sab ko sadma diya hai aur AIMIM Ghulam Mohammed sahab ko taaziyat pesh karti hai.  AIMIM Karwan MLA @kausarmohiuddin  aur Shaikpet Corporator @MohdRashedFaraz unka ilaaj karwaya, lekin unki jaan nahi bach saki. Majlis is hadse ki mazamat karti hai aur Zimmedar logon ke khilaf sakht action ki demand karti hai.  #AIMIM #Kausar_Mohiuddin #MohammedRashedFarazuddin #OurWorkIsOurIdentity #RoadAccident #Hyderabad #Telangana #india",AIMIM,"Apr 2, 2024 Â· 5:43 PM UTC",381,2,106,0
23,https://twitter.com/asadowaisi/status/1775200290796417116#m,The people for whom CAA was apparently made are not benefiting from it. This was obvious to anyone who has made an effort to read CAA. The purpose was to create a religion-based citizenship law so that Muslims could be victimised further. A religion-neutral asylum law would have genuinely helped any Hindu refugee who had come to India due to persecution.,Asaduddin Owaisi,"Apr 2, 2024 Â· 4:35 PM UTC",1358,3,500,21
24,https://twitter.com/aimim_national/status/1775191542267089253#m,"Sadr-e-Majlis Barrister @asadowaisi ne Karwan MLA @kausarmohiuddin, aur AIMIM Corporators ke saath Karwan mein munazzam Dawat-e-Iftar mein shirkat ki.  #AIMIM #AsaduddinOwaisi #Dawateiftar #karwanconstituency #Ramzanekareem #Hyderabad #Telangana #india",AIMIM,"Apr 2, 2024 Â· 4:00 PM UTC",368,1,55,3
25,https://twitter.com/asadowaisi/status/1775145509792911513#m,"à¤¹à¥‡à¤—à¤¡à¤¼à¥‡ à¤•à¥‡ à¤¬à¤¾à¤¦ à¤­à¤¾à¤œà¤ªà¤¾ à¤•à¥€ à¤à¤• à¤”à¤° à¤ªà¥à¤°à¤¤à¥à¤¯à¤¾à¤¶à¥€ à¤¨à¥‡ à¤•à¤¹à¤¾ à¤•à¥‡ à¤¸à¤‚à¤µà¤¿à¤§à¤¾à¤¨ à¤•à¥‹ à¤¬à¤¦à¤²à¤¨à¥‡ à¤•à¥€ à¤œà¤¼à¤°à¥‚à¤°à¤¤ à¤¹à¥ˆ à¤”à¤° â€œà¤•à¤ à¥‹à¤° à¤¨à¤¿à¤°à¥à¤£à¤¯â€ à¤•à¥€ à¤œà¤¼à¤°à¥‚à¤°à¤¤ à¤¹à¥ˆà¥¤  1. @narendramodi à¤¸à¥à¤ªà¤·à¥à¤Ÿ à¤•à¤°à¥‡à¤‚ à¤•à¥€ à¤¸à¤‚à¤µà¤¿à¤§à¤¾à¤¨ à¤®à¥‡à¤‚ à¤µà¥‹ à¤•à¥à¤¯à¤¾ à¤¬à¤¦à¤²à¤¾à¤µ à¤šà¤¾à¤¹à¤¤à¥‡ à¤¹à¥ˆà¤‚, à¤”à¤° à¤•à¥à¤¯à¤¾ à¤µà¥‹ à¤šà¤¹à¤¤à¥‡ à¤¹à¥ˆà¤‚ à¤•à¥‡ à¤°à¤¾à¤œà¥à¤¯à¥‹à¤‚ à¤•à¤¾ à¤¦à¤°à¥à¤œà¤¾ à¤—à¤¿à¤°à¤¾ à¤¦à¤¿à¤¯à¤¾ à¤œà¤¾à¤¯à¥‡, à¤œà¥ˆà¤¸à¥‡ à¤•à¤¶à¥à¤®à¥€à¤° à¤•à¥‡ à¤¸à¤¾à¤¥ à¤•à¤¿à¤¯à¤¾ à¤¥à¤¾? à¤•à¥à¤¯à¤¾ à¤œà¤¾à¤¤à¥€ à¤•à¥€ à¤¬à¥à¤¨à¤¿à¤¯à¤¾à¤¦ à¤ªà¤° à¤†à¤°à¤•à¥à¤·à¤£ à¤–à¤¼à¤¤à¥à¤® à¤•à¤¿à¤¯à¤¾ à¤œà¤¾à¤à¤—à¤¾? à¤•à¥à¤¯à¤¾ à¤ªà¤¾à¤°à¤²à¤¿à¤®à¤¾à¤¨à¥€ à¤œà¤®à¤¹à¥‚à¤°à¤¿à¤¯à¤¤ à¤•à¥‹ à¤¤à¤¬à¥à¤¦à¥€à¤² à¤•à¤°à¤•à¥‡ à¤‰à¤¸à¤•à¥€ à¤œà¤—à¤¹ à¤ªà¥à¤°à¥‡à¤¸à¤¿à¤¡à¥‡à¤‚à¤¶à¤¿à¤¯à¤² à¤œà¤®à¤¹à¥‚à¤°à¤¿à¤¯à¤¤ à¤¤à¥‹ à¤¨à¤¹à¥€à¤‚ à¤šà¤¾à¤¹à¤¤à¥‡ à¤®à¥‹à¤¦à¥€ à¤œà¥€? 2. à¤­à¤¾à¤œà¤ªà¤¾à¤‡à¤¯à¥‹à¤‚ à¤”à¤° à¤…à¤¨à¥à¤¯ à¤¸à¤‚à¤˜à¤¿à¤¯à¥‹à¤‚ à¤•à¥‹ à¤¸à¤‚à¤µà¤¿à¤§à¤¾à¤¨ à¤¸à¥‡ à¤‡à¤¤à¤¨à¥€ à¤šà¤¿à¤¢à¤¼ à¤¹à¥ˆ à¤¤à¥‹ à¤¸à¤‚à¤µà¤¿à¤§à¤¾à¤¨ à¤•à¥‡ à¤¤à¤¹à¤¤ à¤¸à¤¤à¥à¤¤à¤¾ à¤•à¥à¤¯à¥‹à¤‚ à¤¹à¤¾à¤¸à¤¿à¤² à¤•à¤°à¤¨à¤¾ à¤šà¤¾à¤¹à¤¤à¥‡ à¤¹à¥ˆà¤‚?  à¤šà¥€à¤¨ à¤¸à¥‡ à¤œà¤¼à¤®à¥€à¤¨ à¤µà¤¾à¤ªà¤¸ à¤²à¥‡à¤¨à¤¾ à¤­à¥€ à¤à¤• à¤•à¤ à¥‹à¤° à¤¨à¤¿à¤°à¥à¤£à¤¯ à¤¹à¥ˆ, à¤”à¤° à¤‰à¤¸à¤•à¥‡ à¤²à¤¿à¤ à¤¸à¤‚à¤µà¤¿à¤§à¤¾à¤¨ à¤¬à¤¦à¤²à¤¨à¥‡ à¤•à¥€ à¤œà¤¼à¤°à¥‚à¤°à¤¤ à¤¤à¥‹ à¤¨à¤¹à¥€à¤‚, à¤¬à¤¸ à¤¹à¤¿à¤®à¥à¤®à¤¤ à¤‡à¤šà¥à¤›à¤¾ à¤¶à¤•à¥à¤¤à¤¿ à¤•à¥€ à¤¬à¤¾à¤¤ à¤¹à¥‹à¤¤à¥€ à¤¹à¥ˆà¥¤",Asaduddin Owaisi,"Apr 2, 2024 Â· 12:57 PM UTC",5582,46,1740,286
26,https://twitter.com/aimim_national/status/1775135527957893168#m,,AIMIM,"Apr 2, 2024 Â· 12:17 PM UTC",22,0,5,0
27,https://twitter.com/aimim_national/status/1775135524237549660#m,Darussalam mein awami khidmat ka silsila jaari hai.  AIMIM Party Headquarters Darussalam mein Sadr-e-Majlis Barrister @asadowaisi aur Majlis ke digar araakeen awami khidmat mein masroof.  #AIMIM #AsaduddinOwaisi #Majlis2024 #Darussalam #OurWorkIsOurIdentity #Majlisunity #Hyderabad #Telangana #India,AIMIM,"Apr 2, 2024 Â· 12:17 PM UTC",310,0,48,3
28,https://twitter.com/AIMIM_Bihar1/status/1775119683894526383#m,Ù…ÛŒØ±Ø§ ÙˆØ¹Ø¯Û ÛÛ’ Ú©Û Ù…ÛŒÚº Ú©Ø´Ù† Ú¯Ù†Ø¬ Ú©Û’ ØºØ±ÛŒØ¨ Ø§ÙˆØ± Ù…Ø¸Ù„ÙˆÙ… Ø¹ÙˆØ§Ù… Ú©Û’ Ø³Ø§ØªÚ¾ ÛÙ…ÛŒØ´Û Ú©Ú¾Ú‘Ø§ Ø±ÛÙˆÚº Ú¯Ø§ -@Akhtaruliman5 #AIMIM #Majlis #AkhtarulIman #kishanganjbihar #VoiceOfThePeople #VoteForKite #VoteForRight #india,AIMIM Bihar Official,"Apr 2, 2024 Â· 11:14 AM UTC",80,0,14,1
29,https://twitter.com/imtiaz_jaleel/status/1775116570509168951#m,"2 days ago, I had the honour to host Anand Raj Ambedkar ji for dinner at my residence.   We had a fruitful conversation regarding his candidature in Amravati for the upcoming Lok Sabha election.  I wish him All the best as he files his nomination today.",Imtiaz Jaleel,"Apr 2, 2024 Â· 11:02 AM UTC",1076,4,142,15
30,https://twitter.com/aimim_national/status/1775118309433950375#m,à°—à°¦à±à°¦à°°à± à°¨à°°à±à°¸à°¨à±à°¨à°—à°¾ à°ªà±‡à°°à±à°—à°¾à°‚à°šà°¿à°¨ à°¤à±†à°²à±à°—à± à°—à°¾à°¯à°•à±à°¡à± à°•à°¸à°¾à°² à°¨à°°à±à°¸à°¨à±à°¨ à°ˆà°°à±‹à°œà± à°¦à°¾à°°à±à°¸à±à°¸à°²à°¾à°‚à°²à±‹ à°Ž.à°.à°Žà°‚.à°.à°Žà°‚ à°…à°§à±à°¯à°•à±à°·à±à°¡à± à°¬à°¾à°°à°¿à°¸à±à°Ÿà°°à± à°…à°¸à°¦à±à°¦à±à°¦à±€à°¨à± à°’à°µà±ˆà°¸à±€à°¨à°¿ à°•à°²à°¿à°¶à°¾à°°à±  Telugu folk singer @NalgondaG popularly known as Gaddar Narsanna met AIMIM President Barrister @asadowaisi at Darussalam today.  #AIMIM #AsaduddinOwaisi #NalgondaGaddarNarsanna #Telugufolksinger #Darussalam #Hyderabad #Telangana,AIMIM,"Apr 2, 2024 Â· 11:09 AM UTC",496,1,77,7
31,https://twitter.com/AIMIM_Bihar1/status/1775109921807225080#m,"à¤¹à¤° à¤¦à¤¿à¤² à¤•à¤¾ à¤¹à¥ˆ à¤¯à¤¹à¥€ à¤…à¤°à¤®à¤¾à¤¨   à¤•à¤¿à¤¸à¤¾à¤¨ à¤®à¤œà¤¦à¥‚à¤° à¤®à¤¾à¤‚à¤—à¥‡ @Akhtaruliman5,   #AIMIM #Akhtaruliman #Kisan #BiharPolitics #Kishanganj_mange_akhtaruliman #India",AIMIM Bihar Official,"Apr 2, 2024 Â· 10:35 AM UTC",153,0,32,1
32,https://twitter.com/aimim_national/status/1775082121000042751#m,"à¤•à¤­à¥€ à¤®à¤¾à¤¯à¥‚à¤¸ à¤¨ à¤¹à¥‹à¤‚, à¤¨à¤¾-à¤‰à¤®à¥à¤®à¥€à¤¦ à¤¨ à¤¹à¥‹à¤‚ à¤”à¤° à¤²à¤¡à¤¼à¤¤à¥‡ à¤°à¤¹à¥‹à¥¤ - Barrister @asadowaisi #AIMIM #AsaduddinOwaisi #majlis #pressconference #FightOnForever #spiritualgrowth #india",AIMIM,"Apr 2, 2024 Â· 8:45 AM UTC",568,0,112,4
33,https://twitter.com/aimim_national/status/1775068598782116160#m,,AIMIM,"Apr 2, 2024 Â· 7:51 AM UTC",294,0,65,6
34,https://twitter.com/aimim_national/status/1775059645356474858#m,à¤¹à¤®à¤¨à¥‡ à¤à¤• à¤®à¤¸à¥à¤œà¤¿à¤¦ à¤•à¥‹ à¤–à¥‹à¤¯à¤¾ à¤…à¤¬ à¤¦à¥‚à¤¸à¤°à¥€ à¤®à¤¸à¥à¤œà¤¿à¤¦ à¤¨à¤¹à¥€à¤‚ à¤–à¥‹à¤¨à¤¾ à¤šà¤¾à¤¹à¤¤à¥‡ - Barrister @asadowaisi #AIMIM #AsaduddinOwaisi #aapkiadalat #GyanvapiMosque #NeverForgetBabri #owaisiinaapkiadalat #India,AIMIM,"Apr 2, 2024 Â· 7:16 AM UTC",853,0,192,2
35,https://twitter.com/aimim_national/status/1774826754089390101#m,"à¤¸à¤®à¤¾à¤œà¤µà¤¾à¤¦à¥€ à¤ªà¤¾à¤°à¥à¤Ÿà¥€ à¤•à¥‡ à¤¨à¥‡à¤¤à¤¾ @Dr_STHASAN_MBD à¤¸à¤¾à¤¹à¤¬ à¤•à¥‹ à¤‰à¤¨à¥à¤¹à¥€à¤‚ à¤•à¥‡ à¤ªà¤¾à¤°à¥à¤Ÿà¥€ à¤¦à¥à¤µà¤¾à¤°à¤¾ à¤¬à¥‡à¤‡à¤œà¥à¤œà¤¤ à¤•à¤¿à¤¯à¤¾ à¤—à¤¯à¤¾, à¤®à¥à¤°à¤¾à¤¦à¤¾à¤¬à¤¾à¤¦ à¤¸à¥‡ à¤¦à¥‹ à¤•à¥ˆà¤‚à¤¡à¤¿à¤¡à¥‡à¤Ÿà¥à¤¸ à¤•à¥‹ à¤¬à¥€-à¤«à¥‰à¤°à¥à¤® à¤¦à¤¿à¤¯à¤¾ à¤—à¤¯à¤¾, à¤¯à¥‡ à¤®à¥‡à¤°à¥‡ à¤…à¤²à¤«à¤¼à¤¾à¤œà¤¼ à¤¨à¤¹à¥€à¤‚ à¤¬à¤²à¥à¤•à¤¿ à¤¡à¥‰ à¤¹à¤¸à¤¨ à¤¸à¤¾à¤¹à¤¬ à¤•à¤¾ à¤¬à¤¯à¤¾à¤¨ à¤¹à¥ˆ à¤œà¥‹ à¤¹à¤•à¥€à¤•à¤¤ à¤¹à¥ˆ, à¤œà¤¿à¤¸à¥‡ à¤•à¥‹à¤ˆ à¤‡à¤¨à¤•à¤¾à¤° à¤¨à¤¹à¥€à¤‚ à¤•à¤° à¤¸à¤•à¤¤à¤¾ - Barrister @asadowaisi #AIMIM #AsaduddinOwaisi #drsthasan #SamajwadiParty #indianpoliticsÂ #india",AIMIM,"Apr 1, 2024 Â· 3:50 PM UTC",1265,4,341,10
36,https://twitter.com/AIMIM_Bihar1/status/1774779192485327163#m,"à¤•à¤¿à¤¶à¤¨à¤—à¤‚à¤œ à¤²à¥‹à¤•à¤¸à¤­à¤¾ à¤¸à¥€à¤Ÿ à¤¸à¥‡ @aimim_national à¤ªà¥à¤°à¤¤à¥à¤¯à¤¾à¤¶à¥€ @Akhtaruliman5 à¤¨à¥‡ à¤¬à¥ˆà¤¸à¤¾ à¤ªà¥à¤°à¤–à¤‚à¤¡ à¤•à¥‡ à¤µà¤¿à¤­à¤¿à¤¨à¥à¤¨ à¤ªà¤‚à¤šà¤¾à¤¯à¤¤à¥‹à¤‚ à¤•à¤¾ à¤¦à¥Œà¤°à¤¾ à¤•à¤¿à¤¯à¤¾ à¤”à¤° à¤²à¥‹à¤—à¥‹à¤‚ à¤¸à¥‡ à¤®à¥à¤²à¤¾à¤•à¤¼à¤¾à¤¤ à¤•à¥€, à¤œà¤¿à¤¸à¤®à¥‡à¤‚ à¤¬à¤¡à¤¼à¥€ à¤¸à¤‚à¤–à¥à¤¯à¤¾ à¤®à¥‡à¤‚ à¤²à¥‹à¤—à¥‹à¤‚ à¤¨à¥‡ AIMIM à¤•à¥‹ à¤•à¤¾à¤®à¤¯à¤¾à¤¬ à¤•à¤°à¤¨à¥‡ à¤•à¤¾ à¤¸à¤‚à¤•à¤²à¥à¤ª à¤²à¤¿à¤¯à¤¾à¥¤  #AIMIM #AkhtarulIman #Biharelection2024 #VoteForKite #BiharPolitics",AIMIM Bihar Official,"Apr 1, 2024 Â· 12:41 PM UTC",98,0,14,1
37,https://twitter.com/aimim_national/status/1774778027924459802#m,"à¤¨à¥Œà¤œà¤µà¤¾à¤¨à¥‹à¤‚ à¤¦à¥€à¤¨ à¤•à¥€ à¤¤à¤°à¤«à¤¼ à¤†à¤“, à¤¦à¥€à¤¨ à¤•à¥‹ à¤›à¥‹à¤¡à¤¼ à¤•à¤° à¤•à¥‹à¤ˆ à¤†à¤—à¥‡ à¤¬à¤¢à¤¼à¤¤à¤¾ à¤¹à¥ˆ à¤¤à¥‹ à¤«à¤¿à¤° à¤œà¤¼à¤¿à¤‚à¤¦à¤¾ à¤²à¤¾à¤¶ à¤¹à¥ˆ à¤µà¥‹ -Barrister @asadowaisi #AIMIM #AsaduddinOwaisi #Naujawano #DEEN #Islam #Indianyouth #India",AIMIM,"Apr 1, 2024 Â· 12:37 PM UTC",1427,1,330,15
38,https://twitter.com/asadowaisi/status/1774773308820447468#m,â€œThe Places of Worship Act imposes a non-derogable obligation towards enforcing our commitment to secularism under the Indian Constitution....Non-retrogression is a foundational feature of the fundamental constitutional principles of which secularism is a core component. The Places of Worship Act is thus a legislative intervention which preserves non-retrogression as an essential feature of our secular values.â€   Constrained to remind the Court of its own precedent,Asaduddin Owaisi,"Apr 1, 2024 Â· 12:18 PM UTC",2844,40,1016,352
39,https://twitter.com/AIMIM_Bihar1/status/1774761960111812801#m,Ø¬ÛŒØª Ø§ÙˆØ± ÛØ§Ø± Ú©ÛŒ Ù¾Ø±ÙˆØ§Û Ú©ÛŒÛ’ Ø¨ØºÛŒØ± Ù…ÛŒÚº Ú©Ø´Ù† Ú¯Ù†Ø¬ Ú©Û’ Ø¹ÙˆØ§Ù… Ú©Û’ Ù„ÛŒÛ’ Ù„Ú‘ØªØ§ Ø±ÛÙˆÚº Ú¯Ø§- @Akhtaruliman5 #AIMIM #AkhtarulIman #VoteForMIM #Biharpolitics #onlymajlisinbihar #india,AIMIM Bihar Official,"Apr 1, 2024 Â· 11:33 AM UTC",67,0,14,0
40,https://twitter.com/aimim_national/status/1774759527679967574#m,"AIMIM à¤”à¤° à¤…à¤ªà¤¨à¤¾ à¤¦à¤² (à¤•) à¤•à¤¾ à¤—à¤ à¤¬à¤‚à¤§à¤¨ à¤•à¥‹ à¤¸à¤¿à¤°à¥à¤« à¤²à¥‹à¤•à¤¸à¤­à¤¾ à¤šà¥à¤¨à¤¾à¤µ à¤¤à¤• à¤¹à¥€ à¤¨à¤¹à¥€à¤‚ à¤¬à¤²à¥à¤•à¤¿ à¤†à¤—à¥‡ à¤­à¥€ à¤²à¥‡à¤•à¤° à¤œà¤¾à¤à¤‚à¤—à¥‡ à¤”à¤° à¤®à¥à¤à¥‡ à¤¯à¤•à¥€à¤¨ à¤¹à¥ˆ à¤•à¤¿ à¤‰à¤¤à¥à¤¤à¤° à¤ªà¥à¤°à¤¦à¥‡à¤¶ à¤•à¥€ à¤…à¤µà¤¾à¤® à¤¯à¥‡ PDM ( à¤ªà¤¿à¤›à¤¡à¤¼à¤¾, à¤¦à¤²à¤¿à¤¤ à¤”à¤° à¤®à¥à¤¸à¤²à¤®à¤¾à¤¨ ) à¤—à¤ à¤¬à¤‚à¤§à¤¨ à¤•à¤¾ à¤¸à¤¾à¤¥ à¤¦à¥‡à¤—à¥€ - Barrister @asadowaisi #AIMIM #AsaduddinOwaisi #Apnadalkamerawadi #Drpallavipatel #pressconference #LokasabhaElection2024 #UttarPradesh #India",AIMIM,"Apr 1, 2024 Â· 11:23 AM UTC",497,1,114,5
41,https://twitter.com/AIMIM_Bihar1/status/1774745626674184590#m,"à¤¨à¥Œà¤œà¤µà¤¾à¤¨à¥‹à¤‚ à¤¨à¥‡ à¤ à¤¾à¤¨à¤¾ à¤¹à¥ˆ, @Akhtaruliman5  à¤•à¥‹ à¤œà¤¿à¤¤à¤¾à¤¨à¤¾ à¤¹à¥ˆ  à¤•à¤¿à¤¶à¤¨à¤—à¤‚à¤œ à¤•à¥‡ à¤°à¥‚à¤ˆà¤§à¤¾à¤¸à¤¾ (Ward no 23) à¤•à¥‡ à¤µà¤¿à¤­à¤¿à¤¨à¥à¤¨ à¤¦à¤²à¥‹à¤‚ à¤•à¥‡ à¤¨à¥Œà¤œà¤µà¤¾à¤¨à¥‹à¤‚ à¤¨à¥‡ AIMIM à¤•à¤¾ à¤¦à¤¾à¤®à¤¨ à¤¥à¤¾à¤®à¤¾ à¤”à¤° à¤†à¤—à¤¾à¤®à¥€ à¤²à¥‹à¤•à¤¸à¤­à¤¾ à¤šà¥à¤¨à¤¾à¤µ à¤®à¥‡à¤‚ à¤®à¤œà¤¼à¤¬à¥‚à¤¤à¥€ à¤¸à¥‡ à¤¸à¤¾à¤¥ à¤¦à¥‡à¤¨à¥‡ à¤•à¤¾ à¤µà¤¾à¤¦à¤¾ à¤•à¤¿à¤¯à¤¾à¥¤ ""à¤…à¤ªà¤¨à¤¾ à¤¹à¥ˆ à¤¸à¥€à¤®à¤¾à¤‚à¤šà¤² à¤…à¤ªà¤¨à¥‡ à¤¹à¥ˆà¤‚ à¤¸à¥€à¤®à¤¾à¤‚à¤šà¤² à¤•à¥‡ à¤²à¥‹à¤— à¤…à¤ªà¤¨à¥€ à¤¹à¥ˆ à¤ªà¤¾à¤°à¥à¤Ÿà¥€  à¤…à¤ªà¤¨à¤¾ à¤¹à¥ˆ à¤µà¥‹à¤Ÿ""  #AIMIM #Bihar",AIMIM Bihar Official,"Apr 1, 2024 Â· 10:28 AM UTC",114,1,20,2
42,https://twitter.com/aimim_national/status/1774743514284470501#m,âžŠ à¤®à¥à¤–à¤¼à¥à¤¤à¤¾à¤° à¤…à¤‚à¤¸à¤¾à¤°à¥€ à¤¸à¤¾à¤¹à¤¬ à¤•à¥€ à¤®à¥Œà¤¤ à¤¨à¥à¤¯à¤¾à¤¯à¤¿à¤• à¤¹à¤¿à¤°à¤¾à¤¸à¤¤ à¤®à¥‡à¤‚ à¤¹à¥à¤ˆ à¤¹à¥ˆ à¤‡à¤¸à¤•à¥‡ à¤²à¤¿à¤ à¤°à¤¾à¤œà¥à¤¯ à¤¸à¤°à¤•à¤¾à¤° à¤œà¤¼à¤¿à¤®à¥à¤®à¥‡à¤¦à¤¾à¤° à¤¹à¥ˆà¥¤   âž‹ à¤‰à¤¤à¥à¤¤à¤° à¤ªà¥à¤°à¤¦à¥‡à¤¶ à¤®à¥‡à¤‚ à¤œà¥‹ à¤­à¥€ à¤¹à¤®à¤¾à¤°à¤¾ à¤®à¥à¤–à¤¼à¤¾à¤²à¤¿à¤«à¤¼ à¤¹à¥ˆ à¤¹à¤® à¤‰à¤¨à¤¸à¥‡ à¤®à¥à¤•à¤¼à¤¾à¤¬à¤²à¤¾ à¤•à¤°à¥‡à¤‚à¤—à¥‡à¥¤ à¤ªà¤¿à¤›à¤²à¥‡ à¤¨à¤¿à¤•à¤¾à¤¯ à¤šà¥à¤¨à¤¾à¤µ à¤®à¥‡à¤‚ AIMIM à¤•à¤¾ à¤ªà¥à¤°à¤¦à¤°à¥à¤¶à¤¨ à¤…à¤šà¥à¤›à¤¾ à¤¥à¤¾ à¤”à¤° 100 à¤¸à¥‡ à¤œà¤¼à¥à¤¯à¤¾à¤¦à¤¾ à¤ªà¤¾à¤°à¥à¤·à¤¦à¥‹à¤‚ à¤¨à¥‡ à¤œà¥€à¤¤ à¤¹à¤¾à¤¸à¤¿à¤² à¤•à¥€ à¤¥à¥€ -à¤¬à¥ˆà¤°à¤¿à¤¸à¥à¤Ÿà¤°Â @asadowaisi #Aimim #AsaduddinOwaisi #MukhtarAnsari #OwaisiInGhazipur #OwaisiInUttarPradesh #India,AIMIM,"Apr 1, 2024 Â· 10:20 AM UTC",1375,2,360,13
43,https://twitter.com/indiatvnews/status/1774429859361558869#m,"AIMIM à¤ªà¥à¤°à¤®à¥à¤– @asadowaisi  à¤¨à¥‡ à¤¡à¥‰. à¤ªà¤²à¥à¤²à¤µà¥€ à¤ªà¤Ÿà¥‡à¤² à¤•à¥€ à¤…à¤ªà¤¨à¤¾ à¤¦à¤² (à¤•à¤®à¥‡à¤°à¤¾à¤µà¤¾à¤¦à¥€) à¤•à¥‡ à¤¸à¤¾à¤¥ à¤—à¤ à¤¬à¤‚à¤§à¤¨ à¤ªà¤° à¤•à¤¹à¤¾, ""à¤µà¤¹ PDA à¤¸à¤¿à¤°à¥à¤« à¤ªà¤¬à¥à¤²à¤¿à¤• à¤¡à¤¿à¤¸à¥à¤ªà¥à¤²à¥‡ à¤…à¤«à¥‡à¤•à¥à¤¶à¤¨ à¤¥à¤¾, à¤œà¤®à¥€à¤¨ à¤ªà¤° à¤•à¥à¤› à¤­à¥€ à¤¨à¤¹à¥€à¤‚ à¤¥à¤¾à¥¤ à¤¯à¤¹ à¤œà¥‹ à¤—à¤ à¤¬à¤‚à¤§à¤¨ à¤¬à¤¨à¤¾ à¤¹à¥ˆ à¤µà¤¹ à¤¸à¤¹à¥€ à¤®à¤¾à¤¯à¤¨à¥‹à¤‚ à¤®à¥‡à¤‚ à¤¸à¤¾à¤®à¤¾à¤œà¤¿à¤• à¤¨à¥à¤¯à¤¾à¤¯ à¤•à¥‡ à¤²à¤¿à¤ à¤à¤• à¤¬à¤¹à¥à¤¤ à¤¬à¤¡à¤¼à¤¾ à¤•à¤¦à¤® à¤¹à¥‹à¤—à¤¾à¥¤ à¤¯à¤¹ à¤¸à¤¿à¤°à¥à¤« à¤šà¥à¤¨à¤¾à¤µ à¤•à¥‡ à¤²à¤¿à¤ à¤¨à¤¹à¥€à¤‚ à¤¬à¤¨à¤¾à¤¯à¤¾ à¤—à¤¯à¤¾ à¤¹à¥ˆ, à¤¯à¤¹ à¤†à¤—à¥‡ à¤­à¥€ à¤°à¤¹à¥‡à¤—à¤¾...""   @aimim_national #Elections2024 #LokSabhaElection2024",India TV,"Mar 31, 2024 Â· 1:33 PM UTC",622,1,147,8
44,https://twitter.com/aimim_national/status/1774709799462252750#m,"à¤•à¤² à¤‰à¤¤à¥à¤¤à¤° à¤ªà¥à¤°à¤¦à¥‡à¤¶ à¤•à¥‡ à¤²à¤–à¤¨à¤Š à¤®à¥‡à¤‚ AIMIM à¤”à¤° à¤…à¤ªà¤¨à¤¾ à¤¦à¤² (à¤•) à¤•à¥‡ à¤¬à¥€à¤š PDM à¤—à¤ à¤¬à¤‚à¤§à¤¨ (à¤ªà¤¿à¤›à¤¡à¤¼à¤¾, à¤¦à¤²à¤¿à¤¤, à¤®à¥à¤¸à¥à¤²à¤¿à¤® à¤—à¤ à¤¬à¤‚à¤§à¤¨) à¤•à¥€ à¤˜à¥‹à¤·à¤£à¤¾ à¤•à¥‡ à¤¬à¤¾à¤¦ AIMIM à¤…à¤§à¥à¤¯à¤•à¥à¤· Barrister @asadowaisi  à¤¨à¥‡ @pallavi_apnadal à¤•à¥‡ à¤¸à¤¾à¤¥ à¤®à¥€à¤¡à¤¿à¤¯à¤¾ à¤¸à¥‡ à¤•à¥€ à¤¬à¤¾à¤¤-à¤šà¥€à¤¤à¥¤  #AIMIM #Asaduddinowaisi #pressconference #Owaisiinuttarpradesh #AIMIMApnaDalKAlliance #asaduddinowaisipressconferenceinup #UttarPradesh #India",AIMIM,"Apr 1, 2024 Â· 8:06 AM UTC",485,2,126,1
45,https://twitter.com/aimim_national/status/1774697142617251960#m,"à¤¹à¤® à¤¸à¤°à¤•à¤¾à¤° à¤¬à¤¨à¤¾à¤¨à¥‡ à¤¨à¤¹à¥€à¤‚ à¤¬à¤²à¥à¤•à¤¿ à¤¸à¥€à¤®à¤¾à¤‚à¤šà¤² à¤•à¥‡ à¤®à¤œà¤²à¥‚à¤®à¥‹à¤‚ à¤•à¥‹ à¤‡à¤‚à¤¸à¤¾à¤« à¤¦à¤¿à¤²à¤¾à¤¨à¥‡, à¤¸à¥à¤•à¥‚à¤², à¤…à¤¸à¥à¤ªà¤¤à¤¾à¤² à¤”à¤° à¤ªà¥‚à¤² à¤¬à¤¨à¤¾à¤¨à¥‡ à¤•à¥‡ à¤²à¤¿à¤ à¤²à¤¡à¤¼ à¤°à¤¹à¥‡ à¤¹à¥ˆà¤‚ -AIMIM à¤•à¤¿à¤¶à¤¨à¤—à¤‚à¤œ à¤¸à¤¾à¤‚à¤¸à¤¦ à¤ªà¥à¤°à¤¤à¥à¤¯à¤¾à¤¶à¥€, @Akhtaruliman5 #AIMIM #akhtaruliman #Majlis #Seemanchal #Kishanganj #Bihar #BiharPolitics #LokSabhaElection2024 #voteforkite #voteforright #India",AIMIM,"Apr 1, 2024 Â· 7:15 AM UTC",787,1,195,5
46,https://twitter.com/ANI/status/1774682000336863255#m,"#WATCH | Lucknow, Uttar Pradesh: On the demise of gangster-turned-politician Mukhtar Ansari, AIMIM chief Asaduddin Owaisi says, "" He died in the judicial custody. The state government is responsible for it...""  On alliance with Apna Dal (Kamerawadi) in UP, he says, ""We will take on both NDA, BJP and whoever is our opponent. AIMIM's performance in the last civic elections was good. We have five-six chairmen and more than 100 of our councillors have won...''",ANI,"Apr 1, 2024 Â· 6:15 AM UTC",832,2,181,28
47,https://twitter.com/aimim_national/status/1774687063574807039#m,"BJP, à¤­à¤¾à¤°à¤¤ à¤•à¥€ à¤°à¤¾à¤œà¤¨à¥€à¤¤à¤¿ à¤¸à¥‡ à¤®à¥à¤¸à¤²à¤®à¤¾à¤¨à¥‹à¤‚ à¤•à¥‹ Invisibilize (à¤—à¤¼à¤¾à¤¯à¤¬) à¤•à¤° à¤šà¥à¤•à¥€ à¤¹à¥ˆ à¤µà¤¹à¥€ à¤•à¥‹à¤¶à¤¿à¤¶ à¤¯à¥‡ (à¤¤à¤¥à¤¾à¤•à¤¥à¤¿à¤¤ à¤¸à¥‡à¤•à¥à¤¯à¥à¤²à¤°) à¤²à¥‹à¤— à¤­à¥€ à¤•à¤° à¤°à¤¹à¥‡ à¤¹à¥ˆà¤‚à¥¤   #AIMIM #AsaduddinOwaisi #Majlis #BJPGovt #LokSabhaElection2024 #Elections2024 #BJP #India",AIMIM,"Apr 1, 2024 Â· 6:35 AM UTC",558,1,129,3
48,https://twitter.com/ABPNews/status/1774427795025805594#m,EXCLUSIVE | 'à¤…à¤–à¤¿à¤²à¥‡à¤¶ à¤¸à¤¿à¤¯à¤¾à¤¸à¥€ à¤•à¤¬à¥à¤° à¤–à¥‹à¤¦ à¤°à¤¹à¥‡ à¤¹à¥ˆà¤‚' - abp à¤¨à¥à¤¯à¥‚à¤œà¤¼ à¤¸à¥‡ à¤¬à¥‹à¤²à¥‡ à¤…à¤¸à¤¦à¥à¤¦à¥à¤¦à¥€à¤¨ à¤“à¤µà¥ˆà¤¸à¥€   @upadhyayabhii | @Sheerin_sherry abplive.com/live-tv #AkhileshYadav #AsaduddinOwaisi #SamajwadiParty #Loksabhaelections2024 #STHasan #Uttarpradesh,ABP News,"Mar 31, 2024 Â· 1:25 PM UTC",206,1,43,3
49,https://twitter.com/ABPNews/status/1774431651596034523#m,EXCLUSIVE | à¤®à¥à¤–à¥à¤¤à¤¾à¤° à¤…à¤‚à¤¸à¤¾à¤°à¥€ à¤•à¥‹ à¤²à¥‡à¤•à¤° à¤…à¤¸à¤¦à¥à¤¦à¥à¤¦à¥€à¤¨ à¤“à¤µà¥ˆà¤¸à¥€ à¤¨à¥‡ à¤¦à¤¿à¤¯à¤¾ à¤¬à¤¯à¤¾à¤¨ - 'à¤®à¥à¤–à¥à¤¤à¤¾à¤° à¤ªà¤¹à¤²à¤¾ à¤¨à¤¹à¥€à¤‚ à¤œà¤¿à¤¸à¤•à¥‡ à¤¸à¤¾à¤¥ à¤à¤¸à¤¾ à¤¹à¥à¤†'  @upadhyayabhii | @Sheerin_sherry abplive.com/live-tv #MukhtarAnsari #AsaduddinOwaisi #Uttarpradesh #MukhtarAnsariDeath,ABP News,"Mar 31, 2024 Â· 1:40 PM UTC",437,1,59,3
50,https://twitter.com/imshaukatali/status/1774493254123458935#m,"Barrister @asadowaisi Sahab attended Dawat-E-Iftaar at @aimimupofficial Head Office, Lucknow, UttarPradesh  #DawateIftar #Lucknow #UttarPradesh @aimim_national",Shaukat Ali,"Mar 31, 2024 Â· 5:45 PM UTC",1230,1,174,9
51,https://twitter.com/naseerCorpGhmc/status/1774378902619865260#m,"AIMIM à¤ªà¥à¤°à¤®à¥à¤– à¤¬à¥ˆà¤°à¤¿à¤¸à¥à¤Ÿà¤° @asadowaisi à¤¸à¤¾à¤¹à¤¬ à¤¨à¥‡ à¤•à¤¹à¤¾, ""...à¤¹à¤® à¤‰à¤¨à¤•à¥‡(à¤ªà¤²à¥à¤²à¤µà¥€ à¤ªà¤Ÿà¥‡à¤²) à¤¸à¤¾à¤¥ à¤¹à¥ˆà¤‚à¥¤ à¤œà¤¬ à¤¹à¤®à¤¾à¤°à¥€ à¤ªà¤¹à¤²à¥€ à¤®à¥à¤²à¤¾à¤•à¤¾à¤¤ à¤¹à¥à¤ˆ à¤¥à¥€ à¤¤à¤¬ à¤¹à¤®à¤¨à¥‡ à¤•à¤¹à¤¾ à¤¥à¤¾ à¤•à¤¿ à¤‡à¤¸ à¤²à¤¡à¤¼à¤¾à¤ˆ à¤•à¥‹ à¤¸à¤¿à¤°à¥à¤« à¤²à¥‹à¤•à¤¸à¤­à¤¾ à¤šà¥à¤¨à¤¾à¤µ à¤¤à¤• à¤¨à¤¹à¥€à¤‚ à¤°à¤–à¤¨à¤¾ à¤šà¤¾à¤¹à¤¿à¤ à¤¬à¤²à¥à¤•à¤¿ à¤‡à¤¸à¥‡ à¤†à¤—à¥‡ à¤²à¥‡à¤•à¤° à¤œà¤¾à¤¨à¤¾ à¤šà¤¾à¤¹à¤¿à¤à¥¤ à¤¹à¤®à¥‡à¤‚ à¤‰à¤®à¥à¤®à¥€à¤¦ à¤¹à¥ˆ à¤•à¤¿ à¤¯à¤¹ à¤œà¥‹ à¤—à¤ à¤¬à¤‚à¤§à¤¨ à¤¬à¤¨à¤¾ à¤¹à¥ˆ à¤‰à¤¸à¥‡ à¤¹à¤® à¤†à¤—à¥‡ à¤²à¥‡à¤•à¤° à¤œà¤¾à¤à¤‚à¤—à¥‡ à¤”à¤° à¤‰à¤¤à¥à¤¤à¤° à¤ªà¥à¤°à¤¦à¥‡à¤¶ à¤•à¥€ à¤œà¤¨à¤¤à¤¾ à¤‡à¤¸à¤•à¤¾ à¤¸à¤¾à¤¥ à¤¦à¥‡à¤—à¥€à¥¤""",Mohammed Naseeruddin,"Mar 31, 2024 Â· 10:11 AM UTC",2069,0,383,8
52,https://twitter.com/imshaukatali/status/1774532177600172539#m,5 à¤¬à¤¾à¤° à¤®à¤Š à¤¸à¥‡ à¤µà¤¿à¤§à¤¾à¤¯à¤• à¤°à¤¹à¥‡ à¤®à¥à¤–à¤¼à¥à¤¤à¤¾à¤° à¤…à¤‚à¤¸à¤¾à¤°à¥€ à¤¸à¤¾à¤¹à¤¬ à¤•à¥‡ à¤‡à¤‚à¤¤à¤•à¤¾à¤² à¤•à¥‡ à¤¬à¤¾à¤¦ à¤†à¤œ @aimim_national à¤…à¤§à¥à¤¯à¤•à¥à¤· à¤œà¤¨à¤¾à¤¬ @asadowaisi à¤¸à¤¾à¤¹à¤¬ à¤•à¥‡ à¤¸à¤¾à¤¥ à¤‰à¤¨à¤•à¥‡ à¤˜à¤° à¤ªà¤¹à¥à¤‚à¤š à¤•à¤° à¤¸à¤¾à¤¹à¤¬à¤œà¤¾à¤¦à¥‡ à¤‰à¤®à¤° à¤…à¤‚à¤¸à¤¾à¤°à¥€ à¤¸à¤¾à¤¹à¤¬ à¤¸à¥‡ à¤®à¥à¤²à¤¾à¤•à¤¾à¤¤ à¤•à¤° à¤¤à¤¾à¤œà¤¿à¤¯à¤¤ à¤ªà¥‡à¤¶ à¤•à¥€à¥¤ #MukhtarAnsari,Shaukat Ali,"Mar 31, 2024 Â· 8:20 PM UTC",2565,5,430,17
53,https://twitter.com/imshaukatali/status/1774532867164696956#m,@aimim_national à¤ªà¥à¤°à¤®à¥à¤– à¤œà¤¨à¤¾à¤¬ @asadowaisi à¤¸à¤¾à¤¹à¤¬ à¤¦à¥‡à¤° à¤°à¤¾à¤¤ à¤—à¤¼à¤¾à¤œà¤¼à¥€à¤ªà¥à¤° à¤ªà¤¹à¥à¤à¤šà¥‡ à¤®à¤°à¤¹à¥‚à¤® à¤®à¥à¤–à¤¼à¥à¤¤à¤¾à¤° à¤…à¤¨à¥à¤¸à¤¾à¤°à¥€ à¤¸à¤¾à¤¹à¤¬ à¤•à¥‡ à¤¬à¥‡à¤Ÿà¥‡ à¤µ à¤ªà¤°à¤¿à¤µà¤¾à¤° à¤•à¥‡ à¤…à¤¨à¥à¤¯ à¤¸à¤¦à¤¸à¥à¤¯à¥‹à¤‚ à¤¸à¥‡ à¤®à¤¿à¤²à¤•à¤° à¤¤à¤¾à¤œà¤¼à¤¿à¤¯à¤¤ à¤ªà¥‡à¤¶ à¤•à¥€ à¤…à¤²à¥à¤²à¤¾à¤¹ à¤®à¤°à¤¹à¥‚à¤® à¤®à¥à¤–à¤¼à¥à¤¤à¤¾à¤° à¤…à¤¨à¥à¤¸à¤¾à¤°à¥€ à¤¸à¤¾à¤¹à¤¬ à¤•à¥€ à¤®à¤—à¤¼à¤«à¤¼à¤¿à¤°à¤¤ à¤«à¤¼à¤°à¤®à¤¾à¤¯à¥‡ à¤†à¤®à¥€à¤¨,Shaukat Ali,"Mar 31, 2024 Â· 8:22 PM UTC",1059,1,181,9
54,https://twitter.com/aimim_national/status/1774530856037834824#m,"AIMIM à¤•à¥‡ à¤…à¤§à¥à¤¯à¤•à¥à¤· à¤¬à¥ˆà¤°à¤¿à¤¸à¥à¤Ÿà¤° @asadowaisi  à¤—à¤¾à¤œà¥€à¤ªà¥à¤° à¤ªà¤¹à¥à¤‚à¤šà¥‡ à¤”à¤° à¤®à¤°à¤¹à¥‚à¤® à¤®à¥à¤–à¥à¤¤à¤¾à¤° à¤…à¤‚à¤¸à¤¾à¤°à¥€ à¤¸à¤¾à¤¹à¤¬ à¤•à¥‡ à¤¨à¤¿à¤µà¤¾à¤¸ à¤¸à¥à¤¥à¤¾à¤¨ à¤ªà¤° à¤‰à¤¨à¤•à¥‡ à¤˜à¤° à¤µà¤¾à¤²à¥‹à¤‚ à¤¸à¥‡ à¤®à¤¿à¤²à¥‡à¥¤  à¤‡à¤¸ à¤¨à¤¾à¤œà¤¼à¥à¤• à¤µà¤•à¥à¤¤ à¤®à¥‡à¤‚ AIMIM à¤®à¤°à¤¹à¥‚à¤® à¤®à¥à¤–à¥à¤¤à¤¾à¤° à¤…à¤‚à¤¸à¤¾à¤°à¥€ à¤•à¥‡ à¤ªà¤°à¤¿à¤µà¤¾à¤°, à¤¸à¤®à¤°à¥à¤¥à¤• à¤”à¤° à¤šà¤¾à¤¹à¤¨à¥‡ à¤µà¤¾à¤²à¥‹à¤‚ à¤•à¥‡ à¤¸à¤¾à¤¥ à¤–à¤¡à¤¼à¥€ à¤¹à¥ˆà¥¤  #MukhtarAnsari #Ghazipur #UttarPradesh #AIMIM #owaisi",AIMIM,"Mar 31, 2024 Â· 8:14 PM UTC",3092,4,660,21
55,https://twitter.com/aimim_national/status/1774402048089637039#m,à¤²à¥‹à¤•à¤¸à¤­à¤¾ à¤šà¥à¤¨à¤¾à¤µ 2024 à¤•à¥‡ à¤²à¤¿à¤ à¤‰à¤¤à¥à¤¤à¤° à¤ªà¥à¤°à¤¦à¥‡à¤¶ à¤®à¥‡à¤‚ AIMIM à¤”à¤° à¤…à¤ªà¤¨à¤¾ à¤¦à¤² (à¤•) à¤•à¥‡ à¤¬à¥€à¤š à¤—à¤ à¤¬à¤‚à¤§à¤¨ à¤¹à¥‹à¤—à¤¾ I   à¤†à¤œ à¤‰à¤¤à¥à¤¤à¤° à¤ªà¥à¤°à¤¦à¥‡à¤¶ à¤•à¥‡ à¤²à¤–à¤¨à¤Š à¤®à¥‡à¤‚ à¤¬à¥ˆà¤°à¤¿à¤¸à¥à¤Ÿà¤° @asadowaisi à¤”à¤° à¤…à¤ªà¤¨à¤¾ à¤¦à¤² (à¤•) à¤•à¥‡ @DrPallaviPatel à¤œà¥€ à¤¨à¥‡ à¤—à¤ à¤¬à¤‚à¤§à¤¨ à¤•à¤¾ à¤”à¤ªà¤šà¤¾à¤°à¤¿à¤• à¤à¤²à¤¾à¤¨ à¤•à¤¿à¤¯à¤¾  #AIMIM #AsaduddinOwaisi #Drpallavipatel #Apnadalkamerawadi #LokSabhaElection2024 #UttarPradesh #Elections2024 #MeraVoteOwaisiKo #HamaraVoteOwaisiKo #India,AIMIM,"Mar 31, 2024 Â· 11:43 AM UTC",1991,5,439,33
56,https://twitter.com/aimim_national/status/1774395069979857343#m,"Barrister @asadowaisi  attended Dawat-e-Iftar organized by AIMIM Floor Leader Akbaruddin Owaisi at Barrister Fatima Owaisi KG to PG Center, Bandlaguda, Chandrayangutta  #AIMIM #AsaduddinOwaisi #akbaruddinowaisi #Dawateiftaar #Chandrayangutta #Hyderabad #Telangana",AIMIM,"Mar 31, 2024 Â· 11:15 AM UTC",456,0,53,1
57,https://twitter.com/ANI/status/1774369044931752031#m,"#WATCH | Lucknow: Dr Pallavi Patel's Apna Dal (Kamerawadi) and AIMIM led by Asaduddin Owaisi announce alliance, in Uttar Pradesh. Other parties like Premchand Bind's Pragatisheel Manav Samaj Party and Rashtriya Uday Party are also included in the alliance.",ANI,"Mar 31, 2024 Â· 9:32 AM UTC",2477,25,325,76
